username,nom,categorie,instagram_followers,instagram_following,instagram_posts,tiktok_followers,youtube_subscribers,youtube_views,score_influence,niveau,audience_totale,categorie_encoded,ratio_ff,nb_plateformes
dorra_zarrouk,Dorra Zarrouk,Actors,16700000,893,3300,1200000,0,0,65,Mega,17900000,0,5.347305069023649e-05,2
manelamara,Manelamara,Actors,5000000,12,5900,819700,0,0,60,Mega,5819700,0,2.399999520000096e-06,2
cuisineolfa,Cuisine Olfa المطبخ التونسي مع ألفة,Food,208,463,1300,431,1740000,244277873,59,Mega,1740639,3,2.215311004784689,3
zaza_show_,Zaza Show,Singer,2400000,131,2300,570900,0,0,54,Mega,2970900,11,5.4583310590287256e-05,2
rymooshka,Rymooshka,Lifestyle,2200000,405,1200,20,0,0,54,Mega,2200020,6,0.00018409082541326119,2
faycellahdiri,Faycellahdiri,Humor,1200000,3700,1300,116600,0,0,54,Mega,1316600,5,0.0030833307638910303,2
gharbiikarim,Gharbiikarim,Actors,2300000,3600,1500,187600,0,0,54,Mega,2487600,0,0.0015652167107753432,2
hanen_chograni_,Hanen Chograni,Actors,1200000,2600,2400,194900,0,0,54,Mega,1394900,0,0.0021666648611126157,2
hendsabri,Hendsabri,Actors,3600000,1300,1800,914900,0,0,54,Mega,4514900,0,0.000361111010802497,2
latifaofficial,Latifaofficial,Singer,3500000,5300,4600,363000,0,0,54,Mega,3863000,11,0.0015142852816327768,2
marambenazizaofficial,Marambenazizaofficial,Actors,2600000,1,1500,40600,0,0,54,Mega,2640600,0,3.8461523668644745e-07,2
marwa_agrebi_,Marwa Agrebi,Actors,3500000,1500,2100,393300,0,0,54,Mega,3893300,0,0.00042857130612248396,2
mayssa.ferchichi,Mayssa.Ferchichi,Lifestyle,954500,1000,1600,181400,0,0,54,Mega,1135900,6,0.0010476678390069784,2
officialnajlaettounsia,Officialnajlaettounsia,Singer,1500000,40,1100,405200,0,0,54,Mega,1905200,11,2.666664888890074e-05,2
omar_lartiste_maquilleur,Omar Lartiste Maquilleur,Makeup Artist,1100000,582,1100,6200,0,0,54,Mega,1106200,7,0.0005290904280996108,2
rapklay_bbj,Rapklay Bbj,Rap,1000000,359,1300,39500,0,0,54,Mega,1039500,10,0.000358999641000359,2
cheb_bachir1,Cheb Bachir1,Singer,1000000,43,1300,691000,0,0,54,Mega,1691000,11,4.2999957000043e-05,2
samiramagroun,Samiramagroun,Actors,2100000,2200,2200,1100,0,0,54,Mega,2101100,0,0.001047618548753072,2
rymsaidi,Rymsaidi,Modeling,1800000,2600,2500,98700,0,0,54,Mega,1898700,8,0.0014444436419757544,2
theswaggmantv,Theswaggmantv,Rap,1000000,5600,5900,1300000,0,0,54,Mega,2300000,10,0.0055999944000056,2
akrammag,Akrammag,Singer,1000000,385,2400,197600,0,0,54,Mega,1197600,11,0.000384999615000385,2
saberrebai,Saberrebai,Singer,1900000,54,1500,20000,0,0,54,Mega,1920000,11,2.8421037673138068e-05,2
zaiemhedi,Zaiemhedi,TV Host,2200000,2000,1900,160500,0,0,54,Mega,2360500,13,0.0009090904958679564,2
samiatrabelsiii,Samiatrabelsiii,Actors,2200000,1000,1200,657900,0,0,54,Mega,2857900,0,0.0004545452479339782,2
ghali,Ghali,Rap,3600000,1100,110,1600000,0,0,50,Mega,5200000,10,0.00030555547067903595,2
fatma.bououn,Fatma.Bououn,Lifestyle,1200000,2100,932,410200,0,0,49,Mega,1610200,6,0.001749998541667882,2
yosramahnouch,Yosramahnouch,Singer,1200000,223,2400,0,0,0,49,Mega,1200000,11,0.00018583317847235129,1
samir_elwafi,Samir Elwafi,TV Host,1100000,1900,3800,0,0,0,49,Mega,1100000,13,0.0017272711570262209,1
dareen_haddad,Dareen Haddad,Actors,3400000,1800,576,25800,0,0,49,Mega,3425800,0,0.0005294116089965856,2
imen.cherif.officiel,Imen.Cherif.Officiel,Singer,959100,194,524,267500,0,0,49,Mega,1226600,11,0.00020227275333880372,2
khaoulaslimaniofficial,Khaoulaslimaniofficial,TV Host,2200000,409,764,148300,0,0,49,Mega,2348300,13,0.00018590900640499708,2
lady.samara,Lady.Samara,Lifestyle,905200,3700,602,641700,0,0,49,Mega,1546900,6,0.004087489960793238,2
alikaroui,Alikaroui,Fashion,1000000,999,1000,11100,0,0,49,Mega,1011100,2,0.000998999001000999,2
lety__lo,Lety  Lo,TV Host,1300000,1600,569,252800,0,0,49,Mega,1552800,13,0.0012307682840243968,2
najlabenabdallah.official,Najlabenabdallah.Official,Actors,1500000,2700,514,990,0,0,49,Mega,1500990,0,0.0017999988000008,2
maroua_issa,Maroua Issa,Singer,1600000,609,910,138,0,0,49,Mega,1600138,11,0.0003806247621095237,2
sabrine_taleb,Sabrine Taleb,Lifestyle,1000000,2700,557,1100,0,0,49,Mega,1001100,6,0.0026999973000027,2
ramla_dhouibi,Ramla Dhouibi,Lifestyle,1600000,4000,523,230700,0,0,49,Mega,1830700,6,0.0024999984375009767,2
rachabenmaouia_,Rachabenmaouia,Actors,2100000,1600,973,46800,0,0,49,Mega,2146800,0,0.0007619043990931433,2
oumaymabenhafsia4,Oumaymabenhafsia4,Actors,1700000,2300,682,15900,0,0,49,Mega,1715900,0,0.0013529403806233056,2
bassoum_hamraoui,Bassoum Hamraoui,Humor,1900000,374,600,94900,0,0,49,Mega,1994900,5,0.0001968420016621044,2
aichabahmed,Aichabahmed,Actors,2700000,787,613,1300000,0,0,49,Mega,4000000,0,0.0002914813735254172,2
sonia_younsi,Sonia Younsi,TV Host,869900,880,1200,88,0,0,48,Macro,869988,13,0.0010116093670429164,2
hanene_eleuch,Hanene Eleuch,Fashion,805000,1400,3100,103,0,0,48,Macro,805103,2,0.0017391282743748145,2
tanwicha,Tanwicha,Food,466700,4500,1200,330900,0,0,48,Macro,797600,3,0.009642147756272217,2
hamza_belloumi,Hamza Belloumi,TV Host,655600,569,1200,82,0,0,48,Macro,655682,13,0.0008679059366901515,2
najla_violette,Najla Violette,Fashion,963500,1500,11100,15100,0,0,48,Macro,978600,2,0.0015568224630799553,2
kenzatestouri,Kenzatestouri,Lifestyle,588600,757,1400,46,0,0,48,Macro,588646,6,0.0012861004313618224,2
ghadamaatouk,Ghadamaatouk,Singer,765800,3200,2500,64700,0,0,48,Macro,830500,11,0.004178631263213289,2
meriem_ben_moulehem__malika,Meriem Ben Moulehem  Malika,Actors,504500,6900,6000,290500,0,0,48,Macro,795000,0,0.013676880719760713,2
eya.naccache,Eya.Naccache,Fashion,606100,5900,3200,52,0,0,48,Macro,606152,2,0.009734351205492153,2
yosramassoudiofficial,Yosramassoudiofficial,Actors,512299,295,1100,61300,0,0,48,Macro,573599,0,0.0005758344719890689,2
raya_bouallegue,Raya Bouallegue,Lifestyle,895900,5200,10900,18300,0,0,48,Macro,914200,6,0.00580421274225612,2
rim_bl,Rim Bl,Makeup Artist,558300,6100,1300,597,0,0,48,Macro,558897,7,0.010926005864220196,2
rymabenaissa,Rymabenaissa,Lifestyle,509700,7400,3100,151,0,0,48,Macro,509851,6,0.01451831563995362,2
liliabenaziza,Liliabenaziza,Fashion,523799,125,2200,16,0,0,48,Macro,523815,2,0.00023864070255822834,2
aminaminouch,Aminaminouch,Lifestyle,578800,1900,4400,11,0,0,48,Macro,578811,6,0.0032826480949410936,2
dhaferlabidine,Dhaferlabidine,Actors,4099999,753,1000,0,0,0,44,Mega,4099999,0,0.00018365853658536586,1
atiaaichaofficial,Atiaaichaofficial,Actors,3200000,752,401,327500,0,0,44,Mega,3527500,0,0.00023499992656252295,2
lynda_toumy,Lynda Toumy,Lifestyle,1300000,1100,434,46600,0,0,44,Mega,1346600,6,0.0008461531952667729,2
amira_al_jaziri,Amira Al Jaziri,Modeling,2000000,831,308,66400,0,0,44,Mega,2066400,8,0.0004154997922501039,2
beki_ksri,Beki Ksri,Video Blogger,2900000,2700,199,1800000,0,0,44,Mega,4700000,15,0.000931034161712358,2
myriemboukadida,Myriemboukadida,Modeling,1300000,628,335,612600,0,0,44,Mega,1912600,8,0.0004830765514795758,2
bayazardi.officiel,Bayazardi.Officiel,TV Host,1700000,604,125,12000,0,0,44,Mega,1712000,13,0.000355293908650642,2
raniatoumi_official,Raniatoumi Official,TV Host,1400000,2700,430,226300,0,0,44,Mega,1626300,13,0.001928570051021392,2
mustafa_houas,Mustafa Houas,TV Host,838100,458,117,444800,0,0,44,Mega,1282900,13,0.0005464735157218522,2
rimelbenna,Rimelbenna,Actors,1000000,453,224,30,0,0,44,Mega,1000030,0,0.000452999547000453,2
asmaothmaniofficial,Asmaothmaniofficial,Singer,1100000,408,1000,0,0,0,44,Mega,1100000,11,0.0003709087537193148,1
samy.chaffai,Samy.Chaffai,Video Blogger,1300000,2200,157,995800,0,0,44,Mega,2295800,15,0.0016923063905335458,2
lobnasediri,Lobnasediri,Actors,1700000,1100,281,783500,0,0,44,Mega,2483500,0,0.0006470584429067983,2
ghada.chaka,Ghada.Chaka,Actors,1200000,178,154,313500,0,0,44,Mega,1513500,0,0.00014833320972232523,2
fatmamahjoubofficial,Fatmamahjoubofficial,Sport,746900,748,253,318100,0,0,44,Mega,1065000,12,0.0010014714132127282,2
sami.fehri1,Sami.Fehri1,TV Host,2100000,1500,640,0,0,0,44,Mega,2100000,13,0.0007142853741498219,1
ahmed_landolsi,Ahmed Landolsi,Actors,1200000,1200,559,0,0,0,44,Mega,1200000,0,0.000999999166667361,1
oussema.soulii,Oussema.Soulii,Makeup Artist,522100,1300,1600,0,0,0,43,Macro,522100,7,0.002489939685999452,1
mariembchaabane,Mariembchaabane,Actors,535400,748,552,42,0,0,43,Macro,535442,0,0.0013970836812034345,2
seima_girl,Seima Girl,TV Host,609100,3900,1500,0,0,0,43,Macro,609100,13,0.006402878997079302,1
kaouther.bel.haj,Kaouther.Bel.Haj,Actors,544400,548,753,353,0,0,43,Macro,544753,0,0.00100661093568895,2
feriel_youssef,Feriel Youssef,Actors,769500,1500,2000,0,0,0,43,Macro,769500,0,0.0019493152055682838,1
raniagabsi,Raniagabsi,Actors,560500,1300,1200,0,0,0,43,Macro,560500,0,0.002319353578316542,1
fatmanasserofficial,Fatmanasserofficial,Actors,1000000,1600,1600,0,0,0,43,Mega,1000000,0,0.0015999984000016,1
salma_mahjoubi_officiel,Salma Mahjoubi Officiel,Actors,679500,2100,591,19,0,0,43,Macro,679519,0,0.0030905031780674346,2
peekette,Peekette,TV Host,762500,2200,2500,0,0,0,43,Macro,762500,13,0.0028852421177152556,1
lydiaasli,Lydiaasli,Fashion,538500,5000,583,69,0,0,43,Macro,538569,2,0.009285033825378226,2
oumaima_trad,Oumaima Trad,Sport,468400,556,620,293400,0,0,43,Macro,761800,12,0.0011870171071368335,2
maryem__sakka,Maryem  Sakka,Lifestyle,938400,837,1200,0,0,0,43,Macro,938400,6,0.000891942783522183,1
jihenemiled,Jihenemiled,TV Host,834200,58,917,158300,0,0,43,Macro,992500,13,6.952760785470169e-05,2
meriembenhussein,Meriembenhussein,Actors,717900,1000,702,55600,0,0,43,Macro,773500,0,0.001392949724265602,2
toumi_lina,Toumi Lina,Lifestyle,175000,1600,1300,307700,0,0,42,Macro,482700,6,0.009142804898257724,2
kamiliayat,Kamiliayat,Lifestyle,454600,6600,1500,114,0,0,42,Macro,454714,6,0.014518225872798343,2
hendjebali,Hendjebali,Lifestyle,137000,3800,2500,2,0,0,42,Macro,137002,6,0.0277370238173444,2
instaieb,Instaieb,Lifestyle,187200,6400,1900,91,0,0,42,Macro,187291,6,0.034187851560622005,2
bahakefi,Bahakefi,Singer,149100,2200,1100,3,0,0,42,Macro,149103,11,0.014755098892696897,2
belleetgourmande,Belleetgourmande,Food,481700,4000,2000,8,0,0,42,Macro,481708,3,0.008303906365151827,2
manel__hamrouni,Manel  Hamrouni,Doctor,217400,828,1200,11,0,0,42,Macro,217411,1,0.0038086301350959747,2
rymhammamy,Rymhammamy,Makeup Artist,162700,1400,1300,155,0,0,42,Macro,162855,7,0.008604741212408036,2
hamdi_hadda,Hamdi Hadda,Actors,145400,1400,9200,381,0,0,42,Macro,145781,0,0.009628544507946988,2
nourasamet,Nourasamet,Food,378400,3800,1600,51500,0,0,42,Macro,429900,3,0.010042256759363743,2
sabrine_choura,Sabrine Choura,Food,105500,1800,3000,218,0,0,42,Macro,105718,3,0.017061449654505643,2
jamilachihi,Jamilachihi,Actors,102200,566,1200,33300,0,0,42,Macro,135500,0,0.005538106280760462,2
jannah_cuisine,Jannah Cuisine,Food,241300,777,1100,126,0,0,42,Macro,241426,3,0.0032200446744936823,2
nour_chiba_officiel,Nour Chiba Officiel,Singer,357400,792,1300,115200,0,0,42,Macro,472600,11,0.002215998276445785,2
sami.benabdallah,Sami.Benabdallah,Lifestyle,165600,3600,1200,42300,0,0,42,Macro,207900,6,0.02173899916063309,2
troudibilel,Troudibilel,Food,298400,988,2000,40800,0,0,42,Macro,339200,3,0.0033109808613241915,2
niels_aouay,Niels Aouay,Lifestyle,410700,4600,4800,1,0,0,42,Macro,410701,6,0.011200362307372029,2
k__obs,K  Obs,Lifestyle,176300,1300,2000,51800,0,0,42,Macro,228100,6,0.0073737528431489325,2
yassine.gaidi,Yassine.Gaidi,Photographer,97800,3200,1100,6600,0,0,42,Macro,104400,9,0.0327195018455844,2
amal.amamou,Amal.Amamou,Lifestyle,202100,1200,1500,1,0,0,42,Macro,202101,6,0.0059376252467825495,2
majdouline_beauty,Majdouline Beauty,Lifestyle,168100,3300,1200,6600,0,0,42,Macro,174700,6,0.019631055139469722,2
inasaly,Inasaly,Actors,258600,517,1100,66100,0,0,42,Macro,324700,0,0.001999218873863597,2
macneer,Macneer,Fashion,130199,969,2200,235,0,0,42,Macro,130434,2,0.007442396313364056,2
thew_lifestyle,Thew Lifestyle,Lifestyle,441200,1500,1400,11,0,0,42,Macro,441211,6,0.0033998109705100396,2
nadhir_mindfreak,Nadhir Mindfreak,Photographer,140400,7500,1800,13,0,0,42,Macro,140413,9,0.053418422945705514,2
ilef.b,Ilef.B,Modeling,342700,2100,2100,29500,0,0,42,Macro,372200,8,0.006127790698013721,2
coucoulesgourmands,Coucoulesgourmands,Food,313100,2700,4900,835,0,0,42,Macro,313935,3,0.008623415447411539,2
thequeen_nutella,Thequeen Nutella,Modeling,106100,933,4900,4200,0,0,42,Macro,110300,8,0.00879350807249696,2
raoudhaamri_nutrition,Raoudhaamri Nutrition,Doctor,347900,1100,1200,118700,0,0,42,Macro,466600,1,0.0031618190232278725,2
tastemysweetlife,Tastemysweetlife,Food,281900,5900,3300,6,0,0,42,Macro,281906,3,0.020929333347522713,2
a.l.a_official,A.L.A Official,Rap,1800000,762,4,50800,0,0,39,Mega,1850800,10,0.0004233330981482788,2
dali_benjemaa,Dali Benjemaa,Actors,1100000,861,173,0,0,0,39,Mega,1100000,0,0.0007827265611576716,1
youssef_msekni,Youssef Msekni,Sport,1200000,686,415,0,0,0,39,Mega,1200000,12,0.0005716661902781748,1
sanfara7050,Sanfara7050,Rap,2200000,196,37,713500,0,0,39,Mega,2913500,10,8.909086859505973e-05,2
onsjabeur,Onsjabeur,Sport,1300000,286,444,0,0,0,39,Mega,1300000,12,0.00021999983076936096,1
aymenabdennour_,Aymenabdennour,Sport,2600000,2200,429,0,0,0,39,Mega,2600000,12,0.0008461535207101844,1
lotfiabdelli,Lotfiabdelli,Actors,2200000,5100,55,47600,0,0,39,Mega,2247600,0,0.002318180764463289,2
yassinebengamra,Yassinebengamra,Actors,1300000,1400,205,0,0,0,39,Mega,1300000,0,0.0010769222485213473,1
chirinelajmi,Chirinelajmi,Singer,1000000,1500,97,290600,0,0,39,Mega,1290600,11,0.0014999985000015,2
mastersina_official,Mastersina Official,Rap,1300000,196,10,270000,0,0,39,Mega,1570000,10,0.00015076911479298862,2
midouch_talbi,Midouch Talbi,Fashion,1100000,2100,62,130300,0,0,39,Mega,1230300,2,0.0019090891735552968,2
salemmonsieur,Salemmonsieur,Humor,738100,746,77,311900,0,0,39,Mega,1050000,5,0.0010107017874247562,2
sahri.bahri,Sahri.Bahri,Video Blogger,685700,993,212,121,0,0,38,Macro,685821,15,0.001448153057965498,2
onshm,Onshm,Fashion,688100,756,474,57,0,0,38,Macro,688157,2,0.0010986759211220447,2
nasseem_ziadia,Nasseem Ziadia,Actors,768800,819,212,228500,0,0,38,Macro,997300,0,0.0010652951804172991,2
rihem_ben_alaya,Rihem Ben Alaya,Actors,594000,467,144,68700,0,0,38,Macro,662700,0,0.0007861939626364265,2
habibaghribi,Habibaghribi,Sport,514700,2100,581,0,0,0,38,Macro,514700,12,0.004080038702081403,1
ahmed.riabi,Ahmed.Riabi,Video Blogger,517299,1200,177,424,0,0,38,Macro,517723,15,0.002319737096462401,2
juliachaouachi,Juliachaouachi,Actors,760800,7500,463,22700,0,0,38,Macro,783500,0,0.009858031206583587,2
ali_zitouni,Ali Zitouni,Sport,374700,501,361,264600,0,0,38,Macro,639300,12,0.001337066087360322,2
ghalia.salhi,Ghalia.Salhi,Lifestyle,553000,114,121,1,0,0,38,Macro,553001,6,0.00020614790931661967,2
ahmed_kafon.officiel,Ahmed Kafon.Officiel,Singer,689300,213,167,71800,0,0,38,Macro,761100,11,0.0003090086914134754,2
sarra__cherif,Sarra  Cherif,Fashion,642800,1400,248,3100,0,0,38,Macro,645900,2,0.0021779679869819743,2
si_nacer,Si Nacer,Video Blogger,370300,1600,342,450400,0,0,38,Macro,820700,15,0.004320809287579564,2
lacrazyrevolution,Lacrazyrevolution,Humor,495100,1000,205,59900,0,0,38,Macro,555000,5,0.0020197899014544507,2
ammarjemal5,Ammarjemal5,Sport,556200,388,184,796,0,0,38,Macro,556996,12,0.0006975895404718798,2
leilabenkhalifaofficial,Leilabenkhalifaofficial,Modeling,1000000,730,716,0,0,0,38,Mega,1000000,8,0.00072999927000073,1
naoufelouertani,Naoufelouertani,TV Host,641400,1100,869,0,0,0,38,Macro,641400,13,0.0017149957670786295,1
medislambouglia,Medislambouglia,Sport,469300,443,295,215700,0,0,38,Macro,685000,12,0.000943957076588373,2
benalouaneyohan,Benalouaneyohan,Sport,558100,379,486,111,0,0,38,Macro,558211,12,0.000679088552072116,2
aymenlessigue,Aymenlessigue,Singer,98600,1200,926,5900,0,0,37,Macro,104500,11,0.012170261964888794,2
nejibbelkadhi,Nejibbelkadhi,Actors,261700,1300,1100,0,0,0,37,Macro,261700,0,0.0049675010794761965,1
ksourimaya,Ksourimaya,TV Host,161500,1800,1500,0,0,0,37,Macro,161500,13,0.011145441823889636,1
najla_chtourou,Najla Chtourou,Lifestyle,123300,4800,969,23200,0,0,37,Macro,146500,6,0.038929124662411496,2
kenzaachiha,Kenzaachiha,Modeling,240900,2100,622,2600,0,0,37,Macro,243500,8,0.008717273900897049,2
afefjnifen,Afefjnifen,Fashion,282100,50,1700,0,0,0,37,Macro,282100,2,0.0001772414844328804,1
raouf_maher,Raouf Maher,Singer,211200,69,909,546,0,0,37,Macro,211746,11,0.0003267029985653477,2
ibaa_hamli,Ibaa Hamli,Actors,399200,3100,1000,253,0,0,37,Macro,399453,0,0.007765511609439856,2
benromdhaneolfa,Benromdhaneolfa,Singer,334000,876,633,1100,0,0,37,Macro,335100,11,0.0026227466384831184,2
tunisian.kitchen,Tunisian.Kitchen,Food,310500,1000,2400,0,0,0,37,Macro,310500,3,0.00322060154395638,1
imen_mehrzi,Imen Mehrzi,Singer,130900,766,516,1700,0,0,37,Macro,132600,11,0.005851750559583197,2
cherifa_naffeti,Cherifa Naffeti,Modeling,114400,627,1000,1300,0,0,37,Macro,115700,8,0.0054807213223660636,2
nahdi.dali.officiel,Nahdi.Dali.Officiel,Actors,431300,460,3400,0,0,0,37,Macro,431300,0,0.0010665405366553752,1
mariemsabbagh,Mariemsabbagh,Lifestyle,323200,1000,1600,0,0,0,37,Macro,323200,6,0.0030940498327666067,1
itsfarahyasmine,Itsfarahyasmine,Travel,266200,4100,869,12,0,0,37,Macro,266212,14,0.015401895560121863,2
rabaa_essefi_officiel_,Rabaa Essefi Officiel,Actors,341400,1300,713,95600,0,0,37,Macro,437000,0,0.0038078388756916355,2
inessbousselmi,Inessbousselmi,Food,161800,1000,1100,0,0,0,37,Macro,161800,3,0.006180431517728568,1
rochdi_belgasmi,Rochdi Belgasmi,Lifestyle,118000,348,573,58600,0,0,37,Macro,176600,6,0.0029491275497665276,2
sanabencheikhlarbi,Sanabencheikhlarbi,Actors,368000,990,823,1100,0,0,37,Macro,369100,0,0.002690210080950867,2
mariem.nourddine,Mariem.Nourddine,Singer,439000,699,1200,0,0,0,37,Macro,439000,11,0.0015922514982881588,1
khawla_in_the_kitchen_,Khawla In The Kitchen,Food,181500,1000,606,1100,0,0,37,Macro,182600,3,0.005509611517291916,2
diotisdiaries,Diotisdiaries,Lifestyle,315300,1700,739,9000,0,0,37,Macro,324300,6,0.005391673353398816,2
kenzafourati,Kenzafourati,Modeling,127700,4800,1700,0,0,0,37,Macro,127700,8,0.03758780275800503,1
khemissi_imen,Khemissi Imen,Lifestyle,119700,2200,631,2500,0,0,37,Macro,122200,6,0.01837912799391818,2
nassimraissiofficial,Nassimraissiofficial,Singer,393900,1200,506,21,0,0,37,Macro,393921,11,0.0030464507579315613,2
khawlaboukhris,Khawlaboukhris,Lifestyle,179100,1500,867,50,0,0,37,Macro,179150,6,0.008375162617740827,2
sayayassine,Sayayassine,Lifestyle,335000,450,574,161,0,0,37,Macro,335161,6,0.0013432795722997841,2
safwenboufarwa,Safwenboufarwa,Food,306900,992,675,129,0,0,37,Macro,307029,3,0.0032323127001867053,2
sabrinetrifi,Sabrinetrifi,Lifestyle,112300,3100,802,6600,0,0,37,Macro,118900,6,0.027604384644838425,2
artmastaofficiel,Artmastaofficiel,Rap,448300,152,888,238,0,0,37,Macro,448538,10,0.00033905790975259924,2
asmamek,Asmamek,Lifestyle,361900,4400,680,6900,0,0,37,Macro,368800,6,0.012158021116272129,2
sandy.aly,Sandy.Aly,Actors,360100,462,1100,0,0,0,37,Macro,360100,0,0.001282973388021694,1
tarabine,Tarabine,Lifestyle,53600,5500,2000,22,0,0,36,Micro,53622,6,0.10261002593235201,2
vitalunaspirit,Vitalunaspirit,Travel,71300,1200,1200,97,0,0,36,Micro,71397,14,0.016830058484453233,2
chouchoutas,Chouchoutas,Lifestyle,66800,7400,1200,308,0,0,36,Micro,67108,6,0.11077678477867098,2
narjessrkaiek,Narjessrkaiek,Lifestyle,70600,7500,1100,1100,0,0,36,Micro,71700,6,0.10623078993215393,2
soumow,Soumow,Lifestyle,62600,453,2000,219,0,0,36,Micro,62819,6,0.0072363061292950595,2
yousr.fg,Yousr.Fg,Lifestyle,1500000,518,68,0,0,0,34,Mega,1500000,6,0.0003453331031112646,1
souhir_ben_amara,Souhir Ben Amara,Actors,728600,932,349,0,0,0,33,Macro,728600,0,0.0012791637672745439,1
rym_ben_messaoud,Rym Ben Messaoud,Actors,802600,2800,312,0,0,0,33,Macro,802600,0,0.0034886575022956613,1
asmafehri_officiel,Asmafehri Officiel,Lifestyle,919200,2400,281,0,0,0,33,Macro,919200,6,0.0026109632169677797,1
lina_khouili,Lina Khouili,Lifestyle,555500,1100,171,0,0,0,33,Macro,555500,6,0.00198019445509549,1
abir_azl,Abir Azl,Lifestyle,171700,996,795,0,0,0,32,Macro,171700,6,0.005800781591254565,1
eyadaghnoujofficial,Eyadaghnoujofficial,Singer,57100,674,159,152900,0,0,32,Macro,210000,11,0.011803646170820126,2
elgeneralofficial,Elgeneralofficial,Singer,139800,166,353,6,0,0,32,Macro,139806,11,0.0011874020929750146,2
jebaliaziz,Jebaliaziz,Actors,419900,409,492,2,0,0,32,Macro,419902,0,0.0009740391187446565,2
bilelmissaoui,Bilelmissaoui,TV Host,293400,1100,804,0,0,0,32,Macro,293400,13,0.0037491351426886753,1
nour_guiga,Nour Guiga,Modeling,124800,1200,813,0,0,0,32,Macro,124800,8,0.009615307569650884,1
nada_mezni_hafaiedh,Nada Mezni Hafaiedh,Lifestyle,227300,994,135,805,0,0,32,Macro,228105,6,0.004373055991834616,2
wajdi.lakhal,Wajdi.Lakhal,Singer,98700,1000,232,3100,0,0,32,Macro,101800,11,0.010131609608818553,2
kalthoumhandous,Kalthoumhandous,TV Host,224200,51,915,0,0,0,32,Macro,224200,13,0.0002274744537267898,1
yasmeenayari_,Yasmeenayari,Lifestyle,298900,1100,194,116500,0,0,32,Macro,415400,6,0.0036801482765196503,2
emna_marouani,Emna Marouani,Modeling,70100,734,162,93900,0,0,32,Macro,164000,8,0.010470606696052837,2
aziz__bey,Aziz  Bey,Actors,205900,315,424,1,0,0,32,Macro,205901,0,0.0015298614382640201,2
slimhal,Slimhal,Doctor,132000,2300,299,85,0,0,32,Macro,132085,1,0.017424110423405883,2
molka_g,Molka G,Makeup Artist,138300,1200,690,0,0,0,32,Macro,138300,7,0.008676726849408175,1
chebbialaaofficiel,Chebbialaaofficiel,TV Host,443500,1700,223,14,0,0,32,Macro,443514,13,0.003833136791123357,2
hanayaich,Hanayaich,Food,272600,3200,465,1000,0,0,32,Macro,273600,3,0.011738768383094705,2
hassendosss,Hassendosss,Singer,105500,136,717,0,0,0,32,Macro,105500,11,0.0012890873072293153,1
rimbougamra,Rimbougamra,TV Host,290400,409,400,734,0,0,32,Macro,291134,13,0.0014083973540036019,2
mouraderouge,Mouraderouge,Video Blogger,413200,1300,397,13200,0,0,32,Macro,426400,15,0.003146168571712072,2
hachemgaddouch,Hachemgaddouch,Video Blogger,305000,766,405,38600,0,0,32,Macro,343600,15,0.002511467175517457,2
sandra_chihaoui,Sandra Chihaoui,TV Host,410300,324,102,1,0,0,32,Macro,410301,13,0.0007896641733751563,2
djtora_official,Djtora Official,Singer,306200,190,452,2100,0,0,32,Macro,308300,11,0.0006205074444564191,2
horcujet,Horcujet,Video Blogger,348000,1500,186,19,0,0,32,Macro,348019,15,0.004310332441573444,2
marwa.benali.712,Marwa.Benali.712,Food,161900,2300,784,0,0,0,32,Macro,161900,3,0.014206212438465482,1
ichraqqamar,Ichraqqamar,Singer,343300,463,161,13700,0,0,32,Macro,357000,11,0.0013486707000562189,2
iheb_msekni_10,Iheb Msekni 10,Sport,155000,244,108,1,0,0,32,Macro,155001,12,0.0015741833923652105,2
cuisine__imen,Cuisine  Imen,Food,148800,605,352,123,0,0,32,Macro,148923,3,0.004065832890907992,2
cherifouali,Cherifouali,Photographer,138800,3200,442,24100,0,0,32,Macro,162900,9,0.02305458894388369,2
rahma_mdallaa,Rahma Mdallaa,Lifestyle,383900,7400,254,7800,0,0,32,Macro,391700,6,0.01927580287626237,2
steevy_aymen,Steevy Aymen,Makeup Artist,341600,995,424,11,0,0,32,Macro,341611,7,0.002912754939241981,2
amin_hajri,Amin Hajri,Fashion,36200,1400,1300,0,0,0,31,Micro,36200,2,0.038672964835225546,1
nejibbelhassen,Nejibbelhassen,Actors,69300,967,530,29400,0,0,31,Micro,98700,0,0.013953622602848444,2
litayem_zied,Litayem Zied,Actors,12900,1100,1200,0,0,0,31,Micro,12900,0,0.08526470816215798,1
jnaynaa,Jnaynaa,Lifestyle,83800,5200,2000,0,0,0,31,Micro,83800,6,0.06205176549205857,1
ankh_nh,Ankh Nh,Lifestyle,47100,1800,1600,0,0,0,31,Micro,47100,6,0.038215749134837905,1
tunisianyogini,Tunisianyogini,Sport,20100,3100,1100,0,0,0,31,Micro,20100,12,0.1542211830257201,1
chekra_rammeh,Chekra Rammeh,Actors,83400,496,573,442,0,0,31,Micro,83842,0,0.005947170897231448,2
dalinsomnia,Dalinsomnia,Travel,38600,997,1800,0,0,0,31,Micro,38600,14,0.025828346415895962,1
sonytta,Sonytta,Food,98700,7400,2700,0,0,0,31,Micro,98700,3,0.0749739111052573,1
sbyalma,Sbyalma,Fashion,40300,1600,1200,0,0,0,31,Micro,40300,2,0.0397012481079874,1
drfaresbelhassen,Drfaresbelhassen,Doctor,46400,2500,632,7800,0,0,31,Micro,54200,1,0.05387814917781945,2
mariam_al_ferjani,Mariam Al Ferjani,Actors,79800,1700,1600,0,0,0,31,Micro,79800,0,0.021302991190586585,1
salma_jardak,Salma Jardak,Modeling,94100,2700,904,345,0,0,31,Micro,94445,8,0.028692574999202983,2
olfa_hammouda,Olfa Hammouda,Makeup Artist,51900,1800,1200,0,0,0,31,Micro,51900,7,0.034681412689543556,1
norchene1,Norchene1,Modeling,42500,1400,795,89,0,0,31,Micro,42589,8,0.03294040140231994,2
jessnarjess,Jessnarjess,Fashion,73900,4300,3900,0,0,0,31,Micro,73900,2,0.05818595147562279,1
hitunis,Hitunis,Singer,14700,2900,1700,0,0,0,31,Micro,14700,11,0.19726549214339162,1
olfakaabi,Olfakaabi,Lifestyle,204,1100,1700,10,0,0,30,Nano,214,6,5.365853658536586,2
awesmessaoudi,Awesmessaoudi,Actors,215,1800,1900,99,0,0,30,Nano,314,0,8.333333333333334,2
afefgharbi,Afefgharbi,TV Host,412,7300,1200,105,0,0,30,Nano,517,13,17.675544794188863,2
cuisine_a_deux,Cuisine A Deux,Food,281,958,1200,334,0,0,30,Nano,615,3,3.397163120567376,2
teyssir_ksouri,Teyssir Ksouri,Food,244,4000,2700,39,0,0,30,Nano,283,3,16.3265306122449,2
manelabdelkoui,Manelabdelkoui,Actors,199,282,1300,106,0,0,30,Nano,305,0,1.41,2
sawsen_gmati,Sawsen Gmati,Makeup Artist,450,1900,1300,21,0,0,30,Nano,471,7,4.212860310421286,2
mayssakasbi,Mayssakasbi,Lifestyle,187,180,2600,13,0,0,30,Nano,200,6,0.9574468085106383,2
aminematue,Aminematue,Video Blogger,0,0,0,0,1960000,238771825,29,Mega,1960000,15,0.0,1
nessmatv,Nessma Tv,Lifestyle,0,0,0,0,3020000,1221368514,29,Mega,3020000,6,0.0,1
alitgtv,Ali Tgtv | علي تي جي تي في,Video Blogger,0,0,0,0,4710000,889172540,29,Mega,4710000,15,0.0,1
bekisworld,Beki’S World | عالم بيكي,Video Blogger,0,0,0,0,1340000,85594675,29,Mega,1340000,15,0.0,1
ahmedriabi,Ahmed Riabi,Video Blogger,0,0,0,0,1210000,142308432,29,Mega,1210000,15,0.0,1
thisizbalti,Thisizbalti,Rap,533100,3300,11,0,0,0,28,Macro,533100,10,0.00619019660439579,1
ferjanisassioff,Ferjanisassioff,Sport,974600,266,73,0,0,0,28,Macro,974600,12,0.00027293220507674425,1
malek.ben.saad,Malek.Ben.Saad,Humor,321800,1100,48,131000,0,0,27,Macro,452800,5,0.003418261596452466,2
med_ali_tounsi,Med Ali Tounsi,Humor,359200,269,412,0,0,0,27,Macro,359200,5,0.0007488843293866109,1
50mejri,50Mejri,Sport,131100,1000,320,0,0,0,27,Macro,131100,12,0.0076277068824799205,1
lina_ben_ali_officiel,Lina Ben Ali Officiel,Singer,99100,5200,52,26500,0,0,27,Macro,125600,11,0.05247172076971978,2
haithemjouini_officiel,Haithemjouini Officiel,Sport,112000,981,215,0,0,0,27,Macro,112000,12,0.008758850367407435,1
achref_ouerghemmi_photographe,Achref Ouerghemmi Photographe,Photographer,243000,7400,1,2100,0,0,27,Macro,245100,9,0.030452549577985277,2
azerzaouali,Azerzaouali,Actors,184200,1100,315,0,0,0,27,Macro,184200,0,0.0059717373955624565,1
ymeriah,Ymeriah,Sport,166300,1,47,45,0,0,27,Macro,166345,12,6.0131929453220364e-06,2
yasminenajar,Yasminenajar,Lifestyle,109500,1100,157,0,0,0,27,Macro,109500,6,0.010045570360088036,1
tunisianofficiel,Tunisianofficiel,Singer,106500,283,28,7600,0,0,27,Macro,114100,11,0.002657252044581741,2
assewrbenmohamed,Assewrbenmohamed,Singer,139300,873,139,0,0,0,27,Macro,139300,11,0.006267004544116697,1
soniadahmani,Soniadahmani,TV Host,343100,1200,403,0,0,0,27,Macro,343100,13,0.003497512394309547,1
diwasweetness,Diwasweetness,Food,111600,692,179,0,0,0,27,Macro,111600,3,0.006200661284397093,1
lamine_belkhodja,Lamine Belkhodja,Actors,108500,878,17,1100,0,0,27,Macro,109600,0,0.008092091317130718,2
salma.btk,Salma.Btk,Lifestyle,88200,2000,27,22300,0,0,27,Macro,110500,6,0.022675479869842745,2
areej_ay,Areej Ay,Lifestyle,143500,412,190,0,0,0,27,Macro,143500,6,0.002871060131985143,1
hela_melki_official,Hela Melki Official,Singer,126800,390,492,0,0,0,27,Macro,126800,11,0.0030756855229848346,1
joelamrikani,Joelamrikani,TV Host,340300,1900,104,0,0,0,27,Macro,340300,13,0.0055832924381650365,1
rayenyoussefofc,Rayenyoussefofc,Singer,164400,1200,1,235,0,0,27,Macro,164635,11,0.00729922567380977,2
nour_gn,Nour Gn,Lifestyle,110200,1700,435,0,0,0,27,Macro,110200,6,0.015426357292583551,1
amal_hachana,Amal Hachana,Lifestyle,101600,450,8,64500,0,0,27,Macro,166100,6,0.004429090264859598,2
raouajemli,Raouajemli,Modeling,121100,746,140,0,0,0,27,Macro,121100,8,0.006160147315051073,1
raed.fadaa.officiel,Raed.Fadaa.Officiel,Sport,415400,1600,103,0,0,0,27,Macro,415400,12,0.0038516999236881955,1
rami_jeridi_officiel_,Rami Jeridi Officiel,Sport,131000,617,284,0,0,0,27,Macro,131000,12,0.004709887710780834,1
mohamed_jebali_officiel,Mohamed Jebali Officiel,Singer,41300,572,797,0,0,0,26,Micro,41300,11,0.013849543594586088,1
rabebhosny,Rabebhosny,Singer,64400,783,223,1100,0,0,26,Micro,65500,11,0.012158196301299669,2
wael_ben_abdallah,Wael Ben Abdallah,Singer,66900,407,279,16400,0,0,26,Micro,83300,11,0.0060836160894455985,2
aliastasia,Aliastasia,Lifestyle,14800,105,535,0,0,0,26,Micro,14800,6,0.007094115262482265,1
tresors_de_mimi,Tresors De Mimi,Fashion,54700,5500,1000,0,0,0,26,Micro,54700,2,0.1005466079230727,1
alamarzougui7,Alamarzougui7,Sport,42800,461,127,9900,0,0,26,Micro,52700,12,0.010770776383729351,2
myriam_gmati,Myriam Gmati,Modeling,42400,2200,197,796,0,0,26,Micro,43196,8,0.0518855687365864,2
mohamedkhammessi,Mohamedkhammessi,TV Host,41300,1400,618,0,0,0,26,Micro,41300,13,0.033897484322413504,1
sayeh_mariem,Sayeh Mariem,Actors,22600,2000,850,0,0,0,26,Micro,22600,0,0.08849165966107694,1
salimaammar,Salimaammar,Travel,93000,2000,574,0,0,0,26,Micro,93000,14,0.021505145105966603,1
mohamedfrigui,Mohamedfrigui,Modeling,71600,1400,236,14700,0,0,26,Micro,86300,8,0.01955279954190584,2
marwan.ali.officiel,Marwan.Ali.Officiel,Singer,52600,267,109,892,0,0,26,Micro,53492,11,0.005075949126442463,2
mayatouati,Mayatouati,Fashion,47300,4500,127,2000,0,0,26,Micro,49300,2,0.09513540939937845,2
anissa_daoud,Anissa Daoud,Actors,17300,2500,579,0,0,0,26,Micro,17300,0,0.1445003179006994,1
hiba_saidane,Hiba Saidane,Lifestyle,27900,4000,747,0,0,0,26,Micro,27900,6,0.14336403713128562,1
feriel.maraaoui,Feriel.Maraaoui,Fashion,93400,1400,576,0,0,0,26,Micro,93400,2,0.01498913287866297,1
drfediamtaallah,Drfediamtaallah,Doctor,44500,2900,799,0,0,0,26,Micro,44500,1,0.06516707489719333,1
dorsaf_al_shaal,Dorsaf Al Shaal,Fashion,38600,261,529,0,0,0,26,Micro,38600,2,0.006761482863138261,1
djdanjertn,Djdanjertn,Singer,19900,1300,601,0,0,0,26,Micro,19900,11,0.06532335058539772,1
chaymadimassi,Chaymadimassi,Fashion,93000,2000,574,0,0,0,26,Micro,93000,2,0.021505145105966603,1
bayrem_kilani,Bayrem Kilani,Singer,89900,79,871,0,0,0,26,Micro,89900,11,0.0008787443966140532,1
yasbouabid,Yasbouabid,Actors,196,1900,744,25,0,0,25,Nano,221,0,9.644670050761421,2
asmabenahmedofficiel,Asmabenahmedofficiel,Singer,246,7300,937,19,0,0,25,Nano,265,11,29.554655870445345,2
fakherbeautycenter,Fakherbeautycenter,Makeup Artist,500,1200,1800,0,0,0,25,Nano,500,7,2.395209580838323,1
amanielswissi,Amanielswissi,Singer,225,461,1200,0,0,0,25,Nano,225,11,2.0398230088495577,1
dr.habboub,Dr.Habboub,Doctor,222,941,741,508,0,0,25,Nano,730,1,4.219730941704036,2
hamdi_van_buuren,Hamdi Van Buuren,Photographer,231,2500,737,19,0,0,25,Nano,250,9,10.775862068965518,2
myra2343,Myra,Lifestyle,0,0,0,0,552000,25997000,23,Macro,552000,6,0.0,1
nesym_sea,Nesym Sea,Lifestyle,0,0,0,0,916000,147007537,23,Macro,916000,6,0.0,1
azzaslimene,Azzaslimene,Modeling,801600,0,0,0,0,0,23,Macro,801600,8,0.0,1
demonexion,Demonexion,Video Blogger,0,0,0,0,727000,297603061,23,Macro,727000,15,0.0,1
redouanebougherabatv,Redouane Bougheraba Tv,Humor,0,0,0,0,560000,210060275,23,Macro,560000,5,0.0,1
ibratraveler7794,Ibra Traveler,Travel,0,0,0,0,528000,94423975,23,Macro,528000,14,0.0,1
ameenxv,Ameen,Video Blogger,0,0,0,0,698000,62793041,23,Macro,698000,15,0.0,1
moeztoumiofficial,Moeztoumiofficial,Actors,111600,1200,64,0,0,0,22,Macro,111600,0,0.01075259182265392,1
oussama__haddadi,Oussama  Haddadi,Sport,136200,728,25,0,0,0,22,Macro,136200,12,0.005345041519518946,1
radhijaidi,Radhijaidi,Sport,176200,579,88,0,0,0,22,Macro,176200,12,0.0032860199431331266,1
ihebmbarki24,Ihebmbarki24,Sport,138600,406,55,0,0,0,22,Macro,138600,12,0.002929271794575797,1
inesosmani,Inesosmani,Fashion,245900,1500,78,0,0,0,22,Macro,245900,2,0.0061000158600412364,1
bassem.srarfi_officiel19,Bassem.Srarfi Officiel19,Sport,362500,443,73,0,0,0,22,Macro,362500,12,0.0012220655943018088,1
saifkhaoui20,Saifkhaoui20,Sport,105700,365,91,0,0,0,22,Macro,105700,12,0.003453136677987909,1
amine.chermiti,Amine.Chermiti,Sport,120600,1900,30,0,0,0,22,Macro,120600,12,0.01575442989693286,1
ghaylen_chaaleli,Ghaylen Chaaleli,Sport,326300,384,31,0,0,0,22,Macro,326300,12,0.0011768275304090395,1
intibelhassen,Intibelhassen,Actors,73900,1000,441,0,0,0,21,Micro,73900,0,0.013531616622237858,1
issam.tn,Issam.Tn,Lifestyle,85000,1200,252,0,0,0,21,Micro,85000,6,0.014117480970812108,1
mhirsiiiiii,Mhirsiiiiii,Sport,35500,246,132,0,0,0,21,Micro,35500,12,0.006929382270921946,1
shootme.tn,Shootme.Tn,Photographer,12900,185,321,0,0,0,21,Micro,12900,9,0.01433997364545384,1
issou5,Issou5,Sport,73400,796,316,0,0,0,21,Micro,73400,12,0.010844538902739745,1
ines_boubakri,Ines Boubakri,Sport,36100,1100,293,0,0,0,21,Micro,36100,12,0.030470070081161187,1
mehdikallelcouture,Mehdikallelcouture,Fashion,90800,652,291,0,0,0,21,Micro,90800,2,0.00718053765927688,1
amamoumolka,Amamoumolka,Lifestyle,83600,504,397,0,0,0,21,Micro,83600,6,0.006028636021100226,1
imenbourguiba_,Imenbourguiba,Food,51000,4000,443,0,0,0,21,Micro,51000,3,0.07842983470912335,1
feryel_selmi,Feryel Selmi,Lifestyle,70500,1300,156,0,0,0,21,Micro,70500,6,0.01843945475950696,1
salim_chebil,Salim Chebil,Fashion,35500,1800,102,0,0,0,21,Micro,35500,2,0.05070279710430692,1
rayen__kochbati,Rayen  Kochbati,Humor,42100,237,190,0,0,0,21,Micro,42100,5,0.005629319968646826,1
ayarikhaled13,Ayarikhaled13,Sport,14900,616,207,0,0,0,21,Micro,14900,12,0.04133950741560969,1
sadok_yeddes,Sadok Yeddes,Sport,14700,333,292,0,0,0,21,Micro,14700,12,0.022651520304741175,1
hajrimyriam,Hajrimyriam,Lifestyle,11000,3000,115,0,0,0,21,Micro,11000,6,0.2727024815925825,1
dhaferyoussef,Dhaferyoussef,Singer,35000,229,365,0,0,0,21,Micro,35000,11,0.006542670209422588,1
sheimaoueslati,Sheimaoueslati,Modeling,32700,483,371,0,0,0,21,Micro,32700,8,0.014770190514051557,1
spartarami,Spartarami,Sport,52200,1100,192,0,0,0,21,Micro,52200,12,0.021072393249171473,1
nedra_lamloum,Nedra Lamloum,Actors,65300,1100,285,0,0,0,21,Micro,65300,0,0.01684507128527894,1
wajdicherif,Wajdicherif,Actors,57300,905,141,0,0,0,21,Micro,57300,0,0.01579379068428125,1
streetfood_tunisia,Streetfood Tunisia,Food,14900,7200,278,0,0,0,21,Micro,14900,3,0.48318904771491844,1
sisterss_diary,Sisterss Diary,Lifestyle,211,287,110,35,0,0,20,Nano,246,6,1.3537735849056605,2
maryem.hz,Maryem.Hz,Video Blogger,267,3200,484,24,0,0,20,Nano,291,15,11.940298507462687,2
abirbennani,Abirbennani,Actors,223,2000,580,0,0,0,20,Nano,223,0,8.928571428571429,1
asmabaklouti,Asmabaklouti,Food,314,2300,465,133,0,0,20,Nano,447,3,7.301587301587301,2
malouchelamis,Malouchelamis,Actors,185,323,895,0,0,0,20,Nano,185,0,1.7365591397849462,1
miniar.rkhami,Miniar.Rkhami,Actors,218,1200,213,444,0,0,20,Nano,662,0,5.47945205479452,2
jane.torjeman,Jane.Torjeman,Lifestyle,272,905,463,91,0,0,20,Nano,363,6,3.3150183150183152,2
yassine_khenissi,Yassine Khenissi,Sport,187,816,508,0,0,0,20,Nano,187,12,4.340425531914893,1
eyasghir,Eyasghir,Fashion,217,4400,334,15,0,0,20,Nano,232,2,20.18348623853211,2
saydouda,Saydouda,Lifestyle,295,3200,804,0,0,0,20,Nano,295,6,10.81081081081081,1
wajihajendoubi,Wajihajendoubi,Actors,307,265,560,0,0,0,20,Nano,307,0,0.8603896103896104,1
jihed_cherni,Jihed Cherni,Actors,238,1100,582,0,0,0,20,Nano,238,0,4.602510460251046,1
cuisinetunisiennebykhoulou1443,Cuisine Tunisienne By Khouloud,Lifestyle,0,0,0,0,134000,16234943,17,Macro,134000,6,0.0,1
tunisianstreetfood,Tunisian Street Food,Lifestyle,0,0,0,0,238000,67545819,17,Macro,238000,6,0.0,1
mak7out,Gattouz0,Lifestyle,0,0,0,0,197000,10816177,17,Macro,197000,6,0.0,1
tunisienumerique-y9h,Tunisie Numérique,Lifestyle,0,0,0,0,109000,35308795,17,Macro,109000,6,0.0,1
assiatique,Assiatique,Lifestyle,0,0,0,0,324000,35584500,17,Macro,324000,6,0.0,1
unboxingtn,Unboxing Tn,Video Blogger,0,0,0,0,209000,16561115,17,Macro,209000,4,0.0,1
castplustunis,Cast+ Tunis,Lifestyle,0,0,0,0,111000,41925561,17,Macro,111000,6,0.0,1
naweliam,Nawel I Am,Lifestyle,0,0,0,0,256000,2298102,17,Macro,256000,6,0.0,1
mohamedchoukani,Medchou,Lifestyle,0,0,0,0,264000,16163861,17,Macro,264000,6,0.0,1
gooba,Gooba,Lifestyle,0,0,0,0,203000,8611207,17,Macro,203000,6,0.0,1
amynevlogs,Amyne Vlogs,Lifestyle,0,0,0,0,140000,9441105,17,Macro,140000,6,0.0,1
jelyfishtn,Jelyfishtn,Lifestyle,0,0,0,0,248000,19330277,17,Macro,248000,6,0.0,1
el_mahden_mehdi_mouelhi,Mehdi Mouelhi,Lifestyle,0,0,0,0,135000,12365937,17,Macro,135000,6,0.0,1
assiarabian,Assiarabian,Lifestyle,0,0,0,0,248000,27718195,17,Macro,248000,6,0.0,1
ismalabrigade,Isma,Lifestyle,0,0,0,0,177000,96062659,17,Macro,177000,6,0.0,1
cuisinetunisienne4354,Cuisine Tunisienne مطبخ منيرة أم يقين,Lifestyle,0,0,0,0,240000,23185167,17,Macro,240000,6,0.0,1
cuisineleilabenlazher2224,Cuisine Leila Ben Lazher المطبخ التونسي ليلى,Lifestyle,0,0,0,0,342000,38670400,17,Macro,342000,6,0.0,1
cuisineimen4827,إيمان زهرة المطبخ التونسي Cuisine Imen,Lifestyle,0,0,0,0,481000,49606050,17,Macro,481000,6,0.0,1
cuisinetunisiennezakia,المطبخ التونسي زكية - Tunisian Cuisine Zakia,Lifestyle,0,0,0,0,263000,42553917,17,Macro,263000,6,0.0,1
tounsibiker,Tounsi Biker,Lifestyle,0,0,0,0,489000,66224353,17,Macro,489000,6,0.0,1
anasgamezzz,Anas Gamezzz,Video Blogger,0,0,0,0,138000,14807227,17,Macro,138000,4,0.0,1
fakhet_amina,Fakhet Amina,Singer,75800,8,72,0,0,0,16,Micro,75800,11,0.00010553950475587393,1
aymen_mahmoud_,Aymen Mahmoud,Sport,11600,232,94,0,0,0,16,Micro,11600,12,0.019998276010688733,1
chaima_mahmoud,Chaima Mahmoud,Singer,47500,417,3,0,0,0,16,Micro,47500,11,0.00877876255236732,1
ghadaabderrazek,Ghadaabderrazek,Lifestyle,13500,491,15,0,0,0,16,Micro,13500,6,0.03636767646840975,1
bassem_chatteli,Bassem Chatteli,Sport,42600,1300,32,0,0,0,16,Micro,42600,12,0.030515715593530668,1
ghanem_zrelli_official,Ghanem Zrelli Official,Actors,31100,402,40,0,0,0,16,Micro,31100,0,0.012925629400983891,1
fahmi_riahi_09,Fahmi Riahi 09,Singer,40400,450,39,0,0,0,16,Micro,40400,11,0.011138338159946536,1
saadiranya,Saadiranya,Modeling,94700,272,28,0,0,0,16,Micro,94700,8,0.0028721977592633657,1
sandra.aouadi,Sandra.Aouadi,Lifestyle,91000,462,53,0,0,0,16,Micro,91000,6,0.005076867287172668,1
ali_macheni,Ali Macheni,Sport,45100,375,10,0,0,0,16,Micro,45100,12,0.008314671515044012,1
atef_dkhili,Atef Dkhili,Sport,35100,9,2,0,0,0,16,Micro,35100,12,0.0002564029514828637,1
aminabouchiba,Aminabouchiba,Lifestyle,11800,1100,16,0,0,0,16,Micro,11800,6,0.0932124396237607,1
joannabensouissi,Joannabensouissi,Fashion,17400,3800,74,0,0,0,16,Micro,17400,2,0.21837825412332623,1
naestro_officiel,Naestro Officiel,Singer,15300,498,4,0,0,0,16,Micro,15300,11,0.03254689235997647,1
lotfiboucedra,Lotfiboucedra,Lifestyle,62100,1300,97,0,0,0,16,Micro,62100,6,0.020933640360058615,1
houda_hadhoudda_,Houda Hadhoudda,Lifestyle,21400,3200,51,0,0,0,16,Micro,21400,6,0.14952572309705153,1
hibatelmoudi,Hibatelmoudi,Modeling,14200,1400,52,0,0,0,16,Micro,14200,8,0.09858460671783677,1
meskini.amine.28,Meskini.Amine.28,Sport,34200,394,14,0,0,0,16,Micro,34200,12,0.01152013099032192,1
idryss.kharroubi,Idryss.Kharroubi,Actors,14400,277,38,0,0,0,16,Micro,14400,0,0.019234775362822025,1
jazirimalek,Jazirimalek,Sport,48300,199,78,0,0,0,16,Micro,48300,12,0.004119997515579388,1
arijzaafouri_official,Arijzaafouri Official,Sport,12400,553,14,0,0,0,16,Micro,12400,12,0.04459317796951859,1
naderguirat,Naderguirat,Singer,180,3100,34,7000,0,0,15,Nano,7180,11,17.12707182320442,2
ben_youssef_officiel,Ben Youssef Officiel,Sport,215,618,369,0,0,0,15,Nano,215,12,2.861111111111111,1
badri_anice_officiel,Badri Anice Officiel,Sport,193,456,214,0,0,0,15,Nano,193,12,2.350515463917526,1
mehdi_r2m_officiel,Mehdi R2M Officiel,Singer,172,781,320,0,0,0,15,Nano,172,11,4.514450867052023,1
aminebensalah__,Aminebensalah,Modeling,201,914,241,0,0,0,15,Nano,201,8,4.524752475247524,1
wahbi_khazri_8,Wahbi Khazri 8,Sport,195,336,332,0,0,0,15,Nano,195,12,1.7142857142857142,1
mathlouthi_hamza_,Mathlouthi Hamza,Sport,291,511,146,0,0,0,15,Nano,291,12,1.75,1
bejiiheb,Bejiiheb,Lifestyle,1400,285,328,0,0,0,15,Nano,1400,6,0.20342612419700215,1
realraniatoumi,Realraniatoumi,TV Host,5700,1300,118,0,0,0,15,Nano,5700,13,0.2280301701455885,1
samarmatoussi,Samarmatoussi,Modeling,211,2400,168,0,0,0,15,Nano,211,8,11.320754716981131,1
fatmabouchiba,Fatmabouchiba,Fashion,6900,150,131,0,0,0,15,Nano,6900,2,0.0217359802927112,1
ineshicheri,Ineshicheri,Travel,194,613,294,0,0,0,15,Nano,194,14,3.1435897435897435,1
sanayoussefofficial,Sanayoussefofficial,Actors,192,4000,402,0,0,0,15,Nano,192,0,20.72538860103627,1
hamdiharbaoui9,Hamdiharbaoui9,Sport,214,61,434,0,0,0,15,Nano,214,12,0.2837209302325581,1
traveleriste,Ahmed Hajji أحمد الحاجي,Lifestyle,0,0,0,0,100000,11839847,11,Macro,100000,6,0.0,1
cuisinesoha8048,Cuisine Soha المطبخ التونسي مع سهى,Lifestyle,0,0,0,0,27400,2532435,11,Micro,27400,6,0.0,1
cuisinetunisienneolfa,أسرار مطبخ ألفة Cuisine Tunisienne,Lifestyle,0,0,0,0,41800,2933452,11,Micro,41800,6,0.0,1
cuisine-tunisienne-by-noura,نورة في المطبخ // Noura À La Cuisine,Lifestyle,0,0,0,0,64700,3674117,11,Micro,64700,6,0.0,1
cuisinetunisienne838,أكلات تونسية عالمية Cuisine Tunisienne,Lifestyle,0,0,0,0,46800,2582726,11,Micro,46800,6,0.0,1
diariotunisia,Diario Tunisia,Lifestyle,0,0,0,0,12100,1680396,11,Micro,12100,6,0.0,1
kitchenamaltunisian,Kitchen Amal Tunisian مطبخ آمال التونسية,Lifestyle,0,0,0,0,49700,3214104,11,Micro,49700,6,0.0,1
yasminebng,Yasmine Bng,Lifestyle,0,0,0,0,11600,1492899,11,Micro,11600,6,0.0,1
selmaa.tk3,Selmaa,Lifestyle,0,0,0,0,19700,1400233,11,Micro,19700,6,0.0,1
sarah_hannachi,Sarah Hannachi,Actors,220,182,40,0,0,0,10,Nano,220,0,0.8235294117647058,1
montassartalbi,Montassartalbi,Sport,268,589,98,0,0,0,10,Nano,268,12,2.1895910780669143,1
houcinerabii,Houcinerabii,Sport,5500,119,71,0,0,0,10,Nano,5500,12,0.021632430467187783,1
saadofficielbguir,Saadofficielbguir,Sport,226,84,36,0,0,0,10,Nano,226,12,0.3700440528634361,1
